feature,bin,count,event_rate,woe,iv,logistic_coefficient,point_contribution
revenue,"(-inf, 31416.72)",3149,0.2718323277230867,-0.27523700684237273,0.005900073770041726,-1.422635537633867,-28.24522397174145
revenue,"[31416.72, 47951.00)",7529,0.246115021915261,-0.14114210156396156,0.003583169813123961,-1.422635537633867,-14.484208777926
revenue,"[47951.00, 60392.00)",8166,0.2405094293411707,-0.11069430281255221,0.00237106670503983,-1.422635537633867,-11.359611162778307
revenue,"[60392.00, 69531.50)",3770,0.2262599469496021,-0.031031491182492932,8.417833867845928e-05,-1.422635537633867,-3.184496985641892
revenue,"[69531.50, 87855.50)",7966,0.2172985187044941,0.02089638937939231,7.949724399485263e-05,-1.422635537633867,2.1444180235533294
revenue,"[87855.50, 99997.93)",3248,0.20135467980295566,0.11726609986065539,0.000993121849220832,-1.422635537633867,12.034018582223936
revenue,"[99997.93, 144400.00)",6395,0.1892103205629398,0.19456656851430587,0.0052628770269636605,-1.422635537633867,19.96670566995028
revenue,"[144400.00, inf)",3277,0.14861153494049437,0.4849498381742863,0.015340604460233932,-1.422635537633867,49.76626127218789
dti_n,"(-inf, 10.51)",7979,0.16217571124201027,0.3815451009166626,0.02387127523136434,-0.7271519836743744,20.013157722770014
dti_n,"[10.51, 11.85)",2197,0.17114246700045516,0.3169690227791784,0.004626301951795194,-0.7271519836743744,16.625953343055876
dti_n,"[11.85, 14.20)",4163,0.18760509248138363,0.20506446606030448,0.003793924859584749,-0.7271519836743744,10.75623168202306
dti_n,"[14.20, 20.16)",11079,0.20705839877245238,0.08216578937334651,0.001679990082351145,-0.7271519836743744,4.309836237430433
dti_n,"[20.16, 22.21)",3541,0.23185540807681446,-0.06271886372092039,0.0003258055493942911,-0.7271519836743744,-3.2897880455654454
dti_n,"[22.21, 24.28)",3099,0.24265892223297839,-0.12242604165735149,0.0011041273563597526,-0.7271519836743744,-6.421604353395032
dti_n,"[24.28, 30.68)",7322,0.27424201037967766,-0.287377268050396,0.01500119193458972,-0.7271519836743744,-15.073779161660735
dti_n,"[30.68, inf)",4120,0.3111650485436893,-0.4659046933191624,0.023152621053691407,-0.7271519836743744,-24.438065352624708
loan_amnt,"(-inf, 7037.50)",9904,0.17861470113085623,0.2651784119348175,0.01482605682969399,-1.8210007102097387,34.83315593057019
loan_amnt,"[7037.50, 10012.50)",7906,0.19972173033139387,0.12745154133270709,0.0028471409869704066,-1.8210007102097387,16.74170751850254
loan_amnt,"[10012.50, 15037.50)",9215,0.22257189365165492,-0.009841908450313408,2.0575761503247343e-05,-1.8210007102097387,-1.2928078466222652
loan_amnt,"[15037.50, 31637.50)",13796,0.25152218034212814,-0.1700725210598455,0.009606325182410787,-1.8210007102097387,-22.340290080019702
loan_amnt,"[31637.50, inf)",2679,0.27584919746173947,-0.29543758244936325,0.0058125642667967835,-1.8210007102097387,-38.80792294562408
fico_n,"(-inf, 664.50)",4227,0.295481428909392,-0.3916742104401585,0.016500644419561294,-1.0211384864296102,-28.850554517099923
fico_n,"[664.50, 674.50)",7938,0.2775258251448728,-0.30381523079740724,0.01825143246762564,-1.0211384864296102,-22.378899722286107
fico_n,"[674.50, 684.50)",6799,0.24768348286512723,-0.14957742997508028,0.0036422158945113485,-1.0211384864296102,-11.01780940127298
fico_n,"[684.50, 689.50)",2943,0.23479442745497792,-0.07914874806662398,0.00043317120053157566,-1.0211384864296102,-5.830062869061996
fico_n,"[689.50, 699.50)",5341,0.22224302565062723,-0.007940303732145493,7.75834130422982e-06,-1.0211384864296102,-0.5848793706615402
fico_n,"[699.50, 709.50)",4301,0.20530109276912345,0.092902749513041,0.0008312173318486943,-1.0211384864296102,6.843176722313133
fico_n,"[709.50, 719.50)",3399,0.17975875257428656,0.25739989915028394,0.004805260056253093,-1.0211384864296102,18.959966281124046
fico_n,"[719.50, 734.50)",3393,0.16033009136457413,0.39519117408343063,0.01084469851761513,-1.0211384864296102,29.109612552120545
fico_n,"[734.50, 759.50)",2756,0.1269956458635704,0.6672048284926295,0.023060085066044504,-1.0211384864296102,49.14602178393842
fico_n,"[759.50, inf)",2403,0.08572617561381607,1.1063889900364938,0.04799857412942261,-1.0211384864296102,81.49613894235154
