threshold,precision,recall,false_hit_rate,coverage,true_hits,false_hits
0.7,0.7652509652509653,0.9880358923230309,0.23474903474903475,0.6475,991,304
0.701,0.7670278637770898,0.9880358923230309,0.23297213622291021,0.646,991,301
0.702,0.7680372381691234,0.9870388833499502,0.23196276183087663,0.6445,990,299
0.703,0.7686335403726708,0.9870388833499502,0.23136645962732919,0.644,990,298
0.704,0.7692307692307693,0.9870388833499502,0.23076923076923078,0.6435,990,297
0.705,0.7692307692307693,0.9870388833499502,0.23076923076923078,0.6435,990,297
0.706,0.7696498054474709,0.9860418743768694,0.23035019455252917,0.6425,989,296
0.707,0.7702492211838006,0.9860418743768694,0.22975077881619937,0.642,989,295
0.708,0.771875,0.9850448654037887,0.228125,0.64,988,292
0.709,0.7749019607843137,0.9850448654037887,0.22509803921568627,0.6375,988,287
0.71,0.7761194029850746,0.9850448654037887,0.22388059701492538,0.6365,988,285
0.711,0.7767295597484277,0.9850448654037887,0.22327044025157233,0.636,988,284
0.712,0.7773406766325728,0.9850448654037887,0.22265932336742722,0.6355,988,283
0.713,0.7777777777777778,0.9840478564307079,0.2222222222222222,0.6345,987,282
0.714,0.7783911671924291,0.9840478564307079,0.221608832807571,0.634,987,281
0.715,0.7790055248618785,0.9840478564307079,0.22099447513812154,0.6335,987,280
0.716,0.7808544303797469,0.9840478564307079,0.21914556962025317,0.632,987,277
0.717,0.7820919175911252,0.9840478564307079,0.2179080824088748,0.631,987,275
0.718,0.7845786963434023,0.9840478564307079,0.21542130365659778,0.629,987,271
0.719,0.7869114126097366,0.9830508474576272,0.21308858739026337,0.6265,986,267
0.72,0.7881694644284573,0.9830508474576272,0.21183053557154277,0.6255,986,265
0.721,0.7900641025641025,0.9830508474576272,0.20993589743589744,0.624,986,262
0.722,0.792604501607717,0.9830508474576272,0.20739549839228297,0.622,986,258
0.723,0.7932421560740145,0.9830508474576272,0.2067578439259855,0.6215,986,257
0.724,0.7938808373590982,0.9830508474576272,0.20611916264090177,0.621,986,256
0.725,0.7945205479452054,0.9830508474576272,0.2054794520547945,0.6205,986,255
0.726,0.7962813257881972,0.9820538384845464,0.20371867421180276,0.6185,985,252
0.727,0.7969255663430421,0.9820538384845464,0.20307443365695793,0.618,985,251
0.728,0.7982171799027553,0.9820538384845464,0.20178282009724474,0.617,985,249
0.729,0.7982171799027553,0.9820538384845464,0.20178282009724474,0.617,985,249
0.73,0.8008130081300813,0.9820538384845464,0.1991869918699187,0.615,985,245
0.731,0.8014646053702197,0.9820538384845464,0.19853539462978032,0.6145,985,244
0.732,0.8013029315960912,0.9810568295114656,0.1986970684039088,0.614,984,244
0.733,0.803265306122449,0.9810568295114656,0.19673469387755102,0.6125,984,241
0.734,0.8031045751633987,0.9800598205383848,0.1968954248366013,0.612,983,241
0.735,0.803761242845462,0.9800598205383848,0.19623875715453803,0.6115,983,240
0.736,0.8057377049180328,0.9800598205383848,0.1942622950819672,0.61,983,237
0.737,0.8070607553366174,0.9800598205383848,0.19293924466338258,0.609,983,235
0.738,0.8075657894736842,0.9790628115653041,0.1924342105263158,0.608,982,234
0.739,0.8075657894736842,0.9790628115653041,0.1924342105263158,0.608,982,234
0.74,0.8082304526748971,0.9790628115653041,0.19176954732510287,0.6075,982,233
0.741,0.8088962108731467,0.9790628115653041,0.19110378912685339,0.607,982,232
0.742,0.8092485549132948,0.9770687936191426,0.1907514450867052,0.6055,980,231
0.743,0.8105872622001654,0.9770687936191426,0.18941273779983459,0.6045,980,229
0.744,0.8112582781456954,0.9770687936191426,0.18874172185430463,0.604,980,228
0.745,0.8132780082987552,0.9770687936191426,0.18672199170124482,0.6025,980,225
0.746,0.8137988362427265,0.9760717846460618,0.1862011637572735,0.6015,979,224
0.747,0.8144758735440932,0.9760717846460618,0.18552412645590682,0.601,979,223
0.748,0.8165137614678899,0.9760717846460618,0.1834862385321101,0.5995,979,220
0.749,0.8171953255425709,0.9760717846460618,0.18280467445742904,0.599,979,219
0.75,0.8178780284043442,0.9760717846460618,0.1821219715956558,0.5985,979,218
0.751,0.8190954773869347,0.9750747756729811,0.18090452261306533,0.597,978,216
0.752,0.8204697986577181,0.9750747756729811,0.17953020134228187,0.596,978,214
0.753,0.8208578637510513,0.9730807577268196,0.1791421362489487,0.5945,976,213
0.754,0.8208578637510513,0.9730807577268196,0.1791421362489487,0.5945,976,213
0.755,0.8208578637510513,0.9730807577268196,0.1791421362489487,0.5945,976,213
0.756,0.8243243243243243,0.9730807577268196,0.17567567567567569,0.592,976,208
0.757,0.8248730964467005,0.9720837487537388,0.1751269035532995,0.591,975,207
0.758,0.8254237288135593,0.9710867397806581,0.17457627118644067,0.59,974,206
0.759,0.8261238337574215,0.9710867397806581,0.17387616624257846,0.5895,974,205
0.76,0.8268251273344652,0.9710867397806581,0.1731748726655348,0.589,974,204
0.761,0.829205807002562,0.9680957128614157,0.1707941929974381,0.5855,971,200
0.762,0.8313356164383562,0.9680957128614157,0.16866438356164384,0.584,971,197
0.763,0.8333333333333334,0.967098703888335,0.16666666666666666,0.582,970,194
0.764,0.8340498710232158,0.967098703888335,0.16595012897678418,0.5815,970,193
0.765,0.8354866494401378,0.967098703888335,0.1645133505598622,0.5805,970,191
0.766,0.8383751080380294,0.967098703888335,0.1616248919619706,0.5785,970,187
0.767,0.8398268398268398,0.967098703888335,0.16017316017316016,0.5775,970,185
0.768,0.8398268398268398,0.967098703888335,0.16017316017316016,0.5775,970,185
0.769,0.8412836079791848,0.967098703888335,0.15871639202081528,0.5765,970,183
0.77,0.8420138888888888,0.967098703888335,0.1579861111111111,0.576,970,182
0.771,0.8420138888888888,0.967098703888335,0.1579861111111111,0.576,970,182
0.772,0.8427454387489139,0.967098703888335,0.157254561251086,0.5755,970,181
0.773,0.8434782608695652,0.967098703888335,0.1565217391304348,0.575,970,180
0.774,0.8442123585726719,0.967098703888335,0.15578764142732812,0.5745,970,179
0.775,0.8439407149084568,0.9651046859421735,0.15605928509154315,0.5735,968,179
0.776,0.845414847161572,0.9651046859421735,0.15458515283842794,0.5725,968,177
0.777,0.8452797202797203,0.9641076769690927,0.1547202797202797,0.572,967,177
0.778,0.8460192475940508,0.9641076769690927,0.15398075240594924,0.5715,967,176
0.779,0.8473684210526315,0.963110667996012,0.15263157894736842,0.57,966,174
0.78,0.8503521126760564,0.963110667996012,0.14964788732394366,0.568,966,170
0.781,0.8524734982332155,0.9621136590229312,0.14752650176678445,0.566,965,167
0.782,0.8539823008849557,0.9621136590229312,0.14601769911504425,0.565,965,165
0.783,0.8554964539007093,0.9621136590229312,0.14450354609929078,0.564,965,163
0.784,0.858540925266904,0.9621136590229312,0.14145907473309607,0.562,965,159
0.785,0.8591800356506238,0.9611166500498505,0.1408199643493761,0.561,964,158
0.786,0.8614834673815907,0.9611166500498505,0.1385165326184093,0.5595,964,155
0.787,0.8629032258064516,0.9601196410767697,0.13709677419354838,0.558,963,153
0.788,0.862780269058296,0.959122632103689,0.13721973094170403,0.5575,962,153
0.789,0.8635547576301615,0.959122632103689,0.13644524236983843,0.557,962,152
0.79,0.8643306379155435,0.959122632103689,0.13566936208445643,0.5565,962,151
0.791,0.8643306379155435,0.959122632103689,0.13566936208445643,0.5565,962,151
0.792,0.8640864086408641,0.9571286141575274,0.13591359135913592,0.5555,960,151
0.793,0.8640864086408641,0.9571286141575274,0.13591359135913592,0.5555,960,151
0.794,0.8644986449864499,0.9541375872382851,0.13550135501355012,0.5535,957,150
0.795,0.8659420289855072,0.9531405782652044,0.13405797101449277,0.552,956,148
0.796,0.8659420289855072,0.9531405782652044,0.13405797101449277,0.552,956,148
0.797,0.8673932788374206,0.9521435692921236,0.13260672116257946,0.5505,955,146
0.798,0.8672727272727273,0.9511465603190429,0.13272727272727272,0.55,954,146
0.799,0.8688524590163934,0.9511465603190429,0.13114754098360656,0.549,954,144
0.8,0.8688524590163934,0.9511465603190429,0.13114754098360656,0.549,954,144
0.801,0.8686131386861314,0.9491525423728814,0.13138686131386862,0.548,952,144
0.802,0.8700823421774931,0.9481555333998006,0.12991765782250686,0.5465,951,142
0.803,0.8708791208791209,0.9481555333998006,0.12912087912087913,0.546,951,141
0.804,0.8724770642201835,0.9481555333998006,0.12752293577981652,0.545,951,139
0.805,0.8739650413983441,0.9471585244267199,0.12603495860165592,0.5435,950,137
0.806,0.8755760368663594,0.9471585244267199,0.12442396313364056,0.5425,950,135
0.807,0.8788159111933395,0.9471585244267199,0.1211840888066605,0.5405,950,131
0.808,0.8796296296296297,0.9471585244267199,0.12037037037037036,0.54,950,130
0.809,0.8803339517625232,0.9461615154536391,0.11966604823747681,0.539,949,129
0.81,0.8803339517625232,0.9461615154536391,0.11966604823747681,0.539,949,129
0.811,0.8811513463324049,0.9461615154536391,0.11884865366759517,0.5385,949,128
0.812,0.88268156424581,0.9451645064805583,0.11731843575418995,0.537,948,126
0.813,0.8825722273998136,0.9441674975074775,0.11742777260018639,0.5365,947,126
0.814,0.8825722273998136,0.9441674975074775,0.11742777260018639,0.5365,947,126
0.815,0.8824626865671642,0.9431704885343968,0.11753731343283583,0.536,946,126
0.816,0.8849391955098223,0.9431704885343968,0.11506080449017773,0.5345,946,123
0.817,0.8865979381443299,0.9431704885343968,0.1134020618556701,0.5335,946,121
0.818,0.8865979381443299,0.9431704885343968,0.1134020618556701,0.5335,946,121
0.819,0.8865979381443299,0.9431704885343968,0.1134020618556701,0.5335,946,121
0.82,0.8889934148635936,0.942173479561316,0.11100658513640639,0.5315,945,118
0.821,0.8915094339622641,0.942173479561316,0.10849056603773585,0.53,945,115
0.822,0.8938388625592417,0.9401794616151545,0.1061611374407583,0.5275,943,112
0.823,0.8944866920152091,0.938185443668993,0.10551330798479087,0.526,941,111
0.824,0.8953377735490009,0.938185443668993,0.10466222645099905,0.5255,941,110
0.825,0.8960915157292659,0.9371884346959123,0.10390848427073403,0.5245,940,109
0.826,0.8969465648854962,0.9371884346959123,0.10305343511450382,0.524,940,108
0.827,0.8969465648854962,0.9371884346959123,0.10305343511450382,0.524,940,108
0.828,0.8969465648854962,0.9371884346959123,0.10305343511450382,0.524,940,108
0.829,0.8969465648854962,0.9371884346959123,0.10305343511450382,0.524,940,108
0.83,0.8986615678776291,0.9371884346959123,0.10133843212237094,0.523,940,106
0.831,0.9000960614793467,0.93419740777667,0.09990393852065321,0.5205,937,104
0.832,0.9017341040462428,0.9332003988035892,0.09826589595375723,0.519,936,102
0.833,0.9026036644165863,0.9332003988035892,0.09739633558341369,0.5185,936,101
0.834,0.9042553191489362,0.9322033898305084,0.09574468085106383,0.517,935,99
0.835,0.904162633107454,0.9312063808574277,0.09583736689254599,0.5165,934,99
0.836,0.9050387596899225,0.9312063808574277,0.09496124031007752,0.516,934,98
0.837,0.9067961165048544,0.9312063808574277,0.09320388349514563,0.515,934,96
0.838,0.9066147859922179,0.9292123629112662,0.0933852140077821,0.514,932,96
0.839,0.9065238558909445,0.9282153539381854,0.0934761441090555,0.5135,931,96
0.84,0.908203125,0.9272183449651047,0.091796875,0.512,930,94
0.841,0.9080234833659491,0.9252243270189432,0.09197651663405088,0.511,928,94
0.842,0.9106967615309126,0.9252243270189432,0.08930323846908735,0.5095,928,91
0.843,0.9114173228346457,0.9232303090727817,0.08858267716535433,0.508,926,90
0.844,0.9122287968441815,0.922233300099701,0.08777120315581854,0.507,925,89
0.845,0.9129574678536103,0.9202392821535393,0.08704253214638971,0.5055,923,88
0.846,0.9137760158572844,0.9192422731804586,0.08622398414271557,0.5045,922,87
0.847,0.913604766633565,0.9172482552342971,0.08639523336643495,0.5035,920,87
0.848,0.9135188866799204,0.9162512462612163,0.08648111332007952,0.503,919,87
0.849,0.9134328358208955,0.9152542372881356,0.08656716417910448,0.5025,918,87
0.85,0.9150849150849151,0.9132602193419741,0.08491508491508491,0.5005,916,85
0.851,0.916,0.9132602193419741,0.084,0.5,916,84
0.852,0.9166666666666666,0.9102691924227319,0.08333333333333333,0.498,913,83
0.853,0.9202825428859738,0.909272183449651,0.07971745711402624,0.4955,912,79
0.854,0.9209726443768997,0.9062811565304087,0.0790273556231003,0.4935,909,78
0.855,0.9209726443768997,0.9062811565304087,0.0790273556231003,0.4935,909,78
0.856,0.9207317073170732,0.9032901296111665,0.07926829268292683,0.492,906,78
0.857,0.9206510681586979,0.9022931206380858,0.07934893184130214,0.4915,905,78
0.858,0.9206510681586979,0.9022931206380858,0.07934893184130214,0.4915,905,78
0.859,0.9214285714285714,0.9002991026919243,0.07857142857142857,0.49,903,77
0.86,0.9222903885480572,0.8993020937188435,0.07770961145194274,0.489,902,76
0.861,0.925849639546859,0.8963110667996012,0.07415036045314109,0.4855,899,72
0.862,0.9267285861713106,0.8953140578265204,0.07327141382868937,0.4845,898,71
0.863,0.9265010351966874,0.8923230309072782,0.07349896480331262,0.483,895,71
0.864,0.9261954261954262,0.8883349950149552,0.07380457380457381,0.481,891,71
0.865,0.9278242677824268,0.8843469591226321,0.07217573221757322,0.478,887,69
0.866,0.9287211740041929,0.8833499501495513,0.07127882599580712,0.477,886,68
0.867,0.9296218487394958,0.8823529411764706,0.0703781512605042,0.476,885,67
0.868,0.9294736842105263,0.8803589232303091,0.07052631578947369,0.475,883,67
0.869,0.929324894514768,0.8783649052841476,0.07067510548523206,0.474,881,67
0.87,0.9292502639915523,0.8773678963110668,0.07074973600844774,0.4735,880,67
0.871,0.9300106044538706,0.8743768693918246,0.06998939554612937,0.4715,877,66
0.872,0.9309245483528161,0.8733798604187437,0.06907545164718384,0.4705,876,65
0.873,0.9307774227902024,0.8713858424725822,0.06922257720979766,0.4695,874,65
0.874,0.9305555555555556,0.86839481555334,0.06944444444444445,0.468,871,65
0.875,0.932475884244373,0.8673978065802592,0.06752411575562701,0.4665,870,63
0.876,0.9321851453175457,0.8634097706879362,0.06781485468245425,0.4645,866,63
0.877,0.932972972972973,0.8604187437686939,0.06702702702702702,0.4625,863,62
0.878,0.933982683982684,0.8604187437686939,0.06601731601731602,0.462,863,61
0.879,0.9357997823721437,0.8574277168494516,0.06420021762785637,0.4595,860,59
0.88,0.9357298474945533,0.8564307078763709,0.06427015250544663,0.459,859,59
0.881,0.935659760087241,0.8554336989032901,0.064340239912759,0.4585,858,59
0.882,0.9366812227074236,0.8554336989032901,0.06331877729257641,0.458,858,58
0.883,0.9377049180327869,0.8554336989032901,0.06229508196721312,0.4575,858,57
0.884,0.9386637458926615,0.8544366899302094,0.06133625410733844,0.4565,857,56
0.885,0.9395604395604396,0.8524426719840479,0.06043956043956044,0.455,855,55
0.886,0.9402654867256637,0.847457627118644,0.059734513274336286,0.452,850,54
0.887,0.9410456062291435,0.843469591226321,0.058954393770856504,0.4495,846,53
0.888,0.9418994413407821,0.8404785643070788,0.05810055865921788,0.4475,843,52
0.889,0.941834451901566,0.839481555333998,0.058165548098434,0.447,842,52
0.89,0.941834451901566,0.839481555333998,0.058165548098434,0.447,842,52
0.891,0.9415730337078652,0.8354935194416749,0.058426966292134834,0.445,838,52
0.892,0.9410430839002267,0.827517447657029,0.05895691609977324,0.441,830,52
0.893,0.9439359267734554,0.8225324027916251,0.05606407322654462,0.437,825,49
0.894,0.9438073394495413,0.8205383848454636,0.05619266055045872,0.436,823,49
0.895,0.9436133486766398,0.8175473579262214,0.05638665132336018,0.4345,820,49
0.896,0.9434832756632064,0.8155533399800599,0.05651672433679354,0.4335,818,49
0.897,0.9432213209733488,0.8115653040877367,0.056778679026651215,0.4315,814,49
0.898,0.9452214452214452,0.8085742771684945,0.054778554778554776,0.429,811,47
0.899,0.9448356807511737,0.80259222333001,0.05516431924882629,0.426,805,47
0.9,0.9468713105076741,0.7996011964107677,0.053128689492325853,0.4235,802,45
0.901,0.9467455621301775,0.7976071784646062,0.05325443786982249,0.4225,800,45
0.902,0.9463647199046484,0.7916251246261217,0.05363528009535161,0.4195,794,45
0.903,0.9473684210526315,0.7896311066799602,0.05263157894736842,0.418,792,44
0.904,0.946987951807229,0.7836490528414756,0.05301204819277108,0.415,786,44
0.905,0.9466019417475728,0.7776669990029911,0.05339805825242718,0.412,780,44
0.906,0.9463414634146341,0.773678963110668,0.05365853658536585,0.41,776,44
0.907,0.9470443349753694,0.7666999002991027,0.05295566502463054,0.406,769,43
0.908,0.9491315136476427,0.7627118644067796,0.05086848635235732,0.403,765,41
0.909,0.94875,0.7567298105682951,0.05125,0.4,759,41
0.91,0.9482976040353089,0.7497507477567298,0.05170239596469105,0.3965,752,41
0.911,0.9491740787801779,0.744765702891326,0.05082592121982211,0.3935,747,40
0.912,0.948849104859335,0.7397806580259222,0.05115089514066496,0.391,742,40
0.913,0.9483870967741935,0.732801595214357,0.05161290322580645,0.3875,735,40
0.914,0.9494163424124513,0.7298105682951147,0.05058365758754864,0.3855,732,39
0.915,0.9491525423728814,0.7258225324027916,0.05084745762711865,0.3835,728,39
0.916,0.9501312335958005,0.7218344965104686,0.049868766404199474,0.381,724,38
0.917,0.9537648612945839,0.7198404785643071,0.046235138705416116,0.3785,722,35
0.918,0.953519256308101,0.715852442671984,0.04648074369189907,0.3765,718,35
0.919,0.9543010752688172,0.707876370887338,0.0456989247311828,0.372,710,34
0.92,0.954177897574124,0.7058823529411765,0.04582210242587601,0.371,708,34
0.921,0.954177897574124,0.7058823529411765,0.04582210242587601,0.371,708,34
0.922,0.9551630434782609,0.7008973080757727,0.04483695652173913,0.368,703,33
0.923,0.9561643835616438,0.6959122632103689,0.043835616438356165,0.365,698,32
0.924,0.9558011049723757,0.6899302093718843,0.04419889502762431,0.362,692,32
0.925,0.9555555555555556,0.6859421734795613,0.044444444444444446,0.36,688,32
0.926,0.9551820728291317,0.6799601196410767,0.04481792717086835,0.357,682,32
0.927,0.9548660084626234,0.674975074775673,0.045133991537376586,0.3545,677,32
0.928,0.9557142857142857,0.6669990029910269,0.04428571428571428,0.35,669,31
0.929,0.9552023121387283,0.6590229312063809,0.044797687861271675,0.346,661,31
0.93,0.95900439238653,0.6530408773678963,0.040995607613469986,0.3415,655,28
0.931,0.9600591715976331,0.6470588235294118,0.03994082840236687,0.338,649,27
0.932,0.9593373493975904,0.6350947158524427,0.04066265060240964,0.332,637,27
0.933,0.9604261796042618,0.6291126620139581,0.0395738203957382,0.3285,631,26
0.934,0.9616564417177914,0.6251246261216351,0.03834355828220859,0.326,627,25
0.935,0.9612403100775194,0.6181455633100698,0.03875968992248062,0.3225,620,25
0.936,0.9608763693270735,0.6121635094715853,0.03912363067292645,0.3195,614,25
0.937,0.9617224880382775,0.6011964107676969,0.03827751196172249,0.3135,603,24
0.938,0.9644588045234249,0.5952143569292123,0.035541195476575124,0.3095,597,22
0.939,0.9673202614379085,0.5902293120638086,0.032679738562091505,0.306,592,20
0.94,0.9688524590163935,0.5892323030907278,0.03114754098360656,0.305,591,19
0.941,0.9685430463576159,0.5832502492522432,0.03145695364238411,0.302,585,19
0.942,0.9700996677740864,0.5822532402791625,0.029900332225913623,0.301,584,18
0.943,0.9697478991596639,0.5752741774675972,0.030252100840336135,0.2975,577,18
0.944,0.9692832764505119,0.5663010967098704,0.030716723549488054,0.293,568,18
0.945,0.9704347826086956,0.5563310069790628,0.029565217391304348,0.2875,558,17
0.946,0.9699646643109541,0.5473579262213359,0.030035335689045935,0.283,549,17
0.947,0.9698046181172292,0.5443668993020937,0.03019538188277087,0.2815,546,17
0.948,0.9694244604316546,0.5373878364905285,0.030575539568345324,0.278,539,17
0.949,0.9705340699815838,0.5254237288135594,0.029465930018416207,0.2715,527,16
0.95,0.9702048417132216,0.5194416749750748,0.0297951582867784,0.2685,521,16
0.951,0.9695817490494296,0.5084745762711864,0.030418250950570342,0.263,510,16
0.952,0.9709302325581395,0.4995014955134596,0.029069767441860465,0.258,501,15
0.953,0.9703557312252964,0.48953140578265203,0.029644268774703556,0.253,491,15
0.954,0.9733606557377049,0.47357926221335994,0.02663934426229508,0.244,475,13
0.955,0.9748427672955975,0.46360917248255235,0.025157232704402517,0.2385,465,12
0.956,0.9761904761904762,0.44965104685942175,0.023809523809523808,0.231,451,11
0.957,0.9753363228699552,0.4336989032901296,0.02466367713004484,0.223,435,11
0.958,0.9748858447488584,0.42572283150548357,0.02511415525114155,0.219,427,11
0.959,0.9744186046511628,0.41774675972083747,0.02558139534883721,0.215,419,11
0.96,0.9764705882352941,0.4137587238285145,0.023529411764705882,0.2125,415,10
0.961,0.975669099756691,0.39980059820538383,0.024330900243309004,0.2055,401,10
0.962,0.9754299754299754,0.39581256231306083,0.02457002457002457,0.2035,397,10
0.963,0.9742268041237113,0.37686939182452645,0.02577319587628866,0.194,378,10
0.964,0.9763779527559056,0.3708873379860419,0.023622047244094488,0.1905,372,9
0.965,0.9809264305177112,0.3589232303090728,0.01907356948228883,0.1835,360,7
0.966,0.9833333333333333,0.35294117647058826,0.016666666666666666,0.18,354,6
0.967,0.9830508474576272,0.3469591226321037,0.01694915254237288,0.177,348,6
0.968,0.9823529411764705,0.33300099700897307,0.01764705882352941,0.17,334,6
0.969,0.9848942598187311,0.325024925224327,0.015105740181268883,0.1655,326,5
0.97,0.9845679012345679,0.3180458624127617,0.015432098765432098,0.162,319,5
0.971,0.9841772151898734,0.3100697906281156,0.015822784810126583,0.158,311,5
0.972,0.9838709677419355,0.3040877367896311,0.016129032258064516,0.155,305,5
0.973,0.9832214765100671,0.292123629112662,0.016778523489932886,0.149,293,5
0.974,0.9824561403508771,0.27916251246261214,0.017543859649122806,0.1425,280,5
0.975,0.985239852398524,0.2662013958125623,0.014760147601476014,0.1355,267,4
0.976,0.9848484848484849,0.259222333000997,0.015151515151515152,0.132,260,4
0.977,0.984313725490196,0.2502492522432702,0.01568627450980392,0.1275,251,4
0.978,0.9877551020408163,0.24127617148554337,0.012244897959183673,0.1225,242,3
0.979,0.987012987012987,0.22731804586241275,0.012987012987012988,0.1155,228,3
0.98,0.990909090909091,0.21734795613160518,0.00909090909090909,0.11,218,2
0.981,0.9901477832512315,0.20039880358923232,0.009852216748768473,0.1015,201,2
0.982,0.9893617021276596,0.18544366899302095,0.010638297872340425,0.094,186,2
0.983,0.9890710382513661,0.18045862412761715,0.01092896174863388,0.0915,181,2
0.984,0.9941860465116279,0.17048853439680958,0.005813953488372093,0.086,171,1
0.985,0.9938271604938271,0.16051844466600199,0.006172839506172839,0.081,161,1
0.986,0.9932885906040269,0.14755732801595214,0.006711409395973154,0.0745,148,1
0.987,0.9925925925925926,0.13359920239282153,0.007407407407407408,0.0675,134,1
0.988,0.9918032786885246,0.12063808574277168,0.00819672131147541,0.061,121,1
0.989,0.9911504424778761,0.11166500498504486,0.008849557522123894,0.0565,112,1
0.99,1.0,0.0967098703888335,0.0,0.0485,97,0
0.991,1.0,0.07577268195413758,0.0,0.038,76,0
0.992,1.0,0.06480558325024925,0.0,0.0325,65,0
0.993,1.0,0.0518444666001994,0.0,0.026,52,0
0.994,1.0,0.03788634097706879,0.0,0.019,38,0
0.995,1.0,0.03090727816550349,0.0,0.0155,31,0
0.996,1.0,0.015952143569292122,0.0,0.008,16,0
0.997,1.0,0.00897308075772682,0.0,0.0045,9,0
0.998,1.0,0.003988035892323031,0.0,0.002,4,0
0.999,1.0,0.0019940179461615153,0.0,0.001,2,0
