hour,constant,linear,ortb,paced_ortb
0,544.7519999999951,591.4419999999914,605.7199999999942,278.6929999999977
1,298.82399999999393,316.2099999999984,324.92599999999936,182.82399999999998
2,188.65899999999942,210.83700000000348,214.0880000000034,204.90600000000316
3,130.71799999999672,148.99099999999694,155.112999999997,179.22099999999938
4,71.0649999999997,85.61299999999888,87.30899999999879,113.47399999999743
5,75.25999999999891,95.11499999999869,97.55299999999856,151.02100000000098
6,143.50000000000102,146.25600000000017,145.40900000000067,308.04699999999696
7,216.80799999999826,270.4820000000002,283.0669999999973,368.6229999999805
8,297.4719999999926,325.1199999999954,332.5339999999935,288.0350000000008
9,580.6619999999845,631.1999999999726,647.2599999999746,271.08600000000445
10,700.0419999999931,760.083000000002,779.5239999999986,210.95599999999786
11,600.0479999999935,806.8920000000406,821.7770000000469,228.44500000000238
12,675.6999999999873,859.4580000000045,873.2790000000036,233.96999999999852
13,641.915000000003,202.93000000000015,83.06899999999831,230.63899999999728
14,285.2039999999955,0.0,0.0,247.94199999999955
15,0.0,0.0,0.0,239.88199999999742
16,0.0,0.0,0.0,195.7039999999995
17,0.0,0.0,0.0,227.81399999999556
18,0.0,0.0,0.0,225.04200000000114
19,0.0,0.0,0.0,201.4259999999951
20,0.0,0.0,0.0,236.93700000000234
21,0.0,0.0,0.0,247.14000000000325
22,0.0,0.0,0.0,218.82399999999222
23,0.0,0.0,0.0,159.97700000000196
