bid,empirical,fitted
0.0,5.0745536507184724e-05,0.0
2.878787878787879,5.920312592504884e-05,0.08920432583753161
5.757575757575758,0.024290196808105752,0.16379723018257195
8.636363636363637,0.04434314131786158,0.2270969218803623
11.515151515151516,0.07402928017456464,0.28148757521424256
14.393939393939394,0.0992836421763069,0.3287263716982258
17.272727272727273,0.13323240609961348,0.37013689437402636
20.151515151515152,0.2587514906501349,0.40673509903789756
23.03030303030303,0.2803775467916135,0.43931377979561403
25.90909090909091,0.29078038177558635,0.4685006531723342
28.78787878787879,0.30349213867063607,0.4947991982398685
31.666666666666668,0.3276808444057275,0.5186179437860412
34.54545454545455,0.3413990544415031,0.5402918436746871
37.42424242424242,0.3530366974804841,0.5600981265291467
40.303030303030305,0.38476111538689245,0.5782682174008087
43.18181818181819,0.39896986560890413,0.5949968220956935
46.06060606060606,0.41925962262236016,0.61044893193199
48.93939393939394,0.42568739057993693,0.6247652839107697
51.81818181818182,0.5172323384388982,0.6380666595690698
54.6969696969697,0.5426135642819083,0.6504573008160186
57.57575757575758,0.5571183301335454,0.6620276473555731
60.45454545454545,0.5792602992295136,0.6728565478541673
63.333333333333336,0.6025186701286399,0.6830130592202583
66.21212121212122,0.6372709050466436,0.6925579208129222
69.0909090909091,0.6443329922105602,0.7015447700946185
71.96969696969697,0.6895810955961332,0.7100211511305525
74.84848484848484,0.6968546224954963,0.7180293559806191
77.72727272727273,0.7093633972445174,0.7256071304202356
80.60606060606061,0.7946666441130948,0.7327882688446165
83.48484848484848,0.812774343056742,0.7396031181399995
86.36363636363637,0.843703747557871,0.7460790063693256
89.24242424242425,0.8492603838054078,0.7522406090434435
92.12121212121212,0.8546309530857515,0.7581102633284488
95.0,0.8582338861777616,0.7637082386234342
97.87878787878788,0.8600438103131846,0.7690529704167178
100.75757575757576,0.8660994443363752,0.7741612631062271
103.63636363636364,0.8791410472187218,0.7790484664853963
106.51515151515152,0.8845454468567369,0.7837286297992733
109.3939393939394,0.8893155272884122,0.7882146366275817
112.27272727272728,0.89443236888622,0.7925183233220447
115.15151515151516,0.8995238377157743,0.7966505832907356
118.03030303030303,0.9030844828606951,0.8006214590640427
120.9090909090909,0.9044715275252247,0.8044402237804126
123.7878787878788,0.9072117864966127,0.808115453483735
126.66666666666667,0.9094107597452574,0.8116550914188377
129.54545454545456,0.9106709405685192,0.8150665053396325
132.42424242424244,0.9123540008626742,0.8183565387000665
135.3030303030303,0.9168534384329778,0.8215315564763536
138.1818181818182,0.9181981951504182,0.8245974862660914
141.06060606060606,0.9229344452244221,0.8275598552226491
143.93939393939394,0.9240339318487445,0.8304238233090083
146.8181818181818,0.9259284318783461,0.8331942132919713
149.6969696969697,0.9347412400517604,0.8358755378435094
152.5757575757576,0.9378874633152059,0.8384720240696169
155.45454545454547,0.9393337111056607,0.8409876357471114
158.33333333333334,0.9408814499691298,0.8434260935144261
161.21212121212122,0.9425983406209563,0.8457908932327005
164.0909090909091,0.9470808630124242,0.8480853227077394
166.96969696969697,0.9481126889214037,0.8503124769410512
169.84848484848484,0.9491952603668903,0.8524752720587372
172.72727272727275,0.9503454925277197,0.8545764580500512
175.60606060606062,0.9513350304896099,0.8566186304326386
178.4848484848485,0.9546334903625768,0.8586042409485022
181.36363636363637,0.9558344680599136,0.8605356073833722
184.24242424242425,0.9566463966440285,0.8624149225921665
187.12121212121212,0.9576866801424259,0.8642442628044315
190.0,0.9588876578397625,0.8660255952758998
192.87878787878788,0.9603339056302173,0.8677607853454457
195.75757575757575,0.9615517985063897,0.8694516029506565
198.63636363636365,0.9623129815539975,0.8710997286498646
201.51515151515153,0.9704830129316542,0.8727067591937099
204.3939393939394,0.9711765352639191,0.8742742126850627
207.27272727272728,0.9720053790268698,0.875803533362357
210.15151515151516,0.9756421424765513,0.8772960960380134
213.03030303030303,0.9774774393802278,0.8787532102206241
215.9090909090909,0.977900318851121,0.8801761239468776
218.7878787878788,0.9788729416341754,0.8815660273467915
221.66666666666669,0.9795326336087689,0.8829240559636597
224.54545454545456,0.9804206804976445,0.8842512938481807
227.42424242424244,0.9811649483664167,0.8855487764444816
230.3030303030303,0.98182464034101,0.8868174932841918
233.1818181818182,0.9827296024087214,0.8880583905032926
236.06060606060606,0.9835161582245828,0.8892723731952002
238.93939393939394,0.9839305801060582,0.8904603076123785
241.8181818181818,0.9844887810076371,0.8916230232277367
244.69696969696972,0.9850300667303805,0.8927613146661219
247.5757575757576,0.9857235890626453,0.8938759435153563
250.45454545454547,0.9863409930901494,0.8949676400254941
253.33333333333334,0.9870260578329965,0.8960371047042648
256.21212121212125,0.9877703257017685,0.8970850098160276
259.0909090909091,0.9889628458096873,0.8981120007909776
261.969696969697,0.9893688101017448,0.8991186975508114
264.8484848484849,0.9903160601165456,0.9001056957565707
267.72727272727275,0.990662821282678,0.901073567983946
270.6060606060606,0.9911787342371677,0.9020228648309101
273.4848484848485,0.9916439016551503,0.9029541159621849
276.3636363636364,0.9922443905038186,0.903867831094705
279.24242424242425,0.9927433882794726,0.9047645009279289
282.1212121212121,0.9945194820572241,0.9056445980225677
285.0,0.9950100222434601,0.9065085776310361
